-- Verificar numeracao de TOBAGO e JAMAICA

--Voyage groupings for estimating imputed slaves
--Format: F3
BEGIN;
CREATE TABLE voyage_groupings_xmimpflag(
    xmimpflag int GENERATED BY DEFAULT AS IDENTITY PRIMARY KEY,
    label VARCHAR
);

INSERT INTO voyage_groupings_xmimpflag(xmimpflag, label) VALUES
(1, 'Spanish, pre-1626'),
(2, 'Spanish, 1626-41'),
(3, 'French, pre-1716'),
(4, 'Pernambuco, pre-1701'),
(5, 'Pernambuco, 1701-1800'),
(6, 'Pernambuco, post-1800'),
(7, 'Dutch, pre-1650'),
(8, 'Dutch, 1650-73'),
(9, 'Dutch, 1674-1730'),
(10, 'Dutch, post-1730'),
(11, 'Bahia, pre-1751'),
(14, 'Bahia, 1801-25'),
(15, 'Bahia, post-1825'),
(16, 'Spanish, 1642-62'),
(17, 'Brig, pre-1751'),
(18, 'Brig, 1776-1800'),
(19, 'Brig, 1801-25'),
(20, 'Brig, 1826-50'),
(21, 'Brig, post-1850'),
(22, 'Schooner, pre-1776'),
(23, 'Schooner, 1776-1800'),
(24, 'Schooner, 1801-25'),
(25, 'Schooner, 1826-50'),
(26, 'Schooner, 1851-66'),
(27, 'Curveta, pre-1751'),
(28, 'Curveta, 1751-75'),
(29, 'Curveta, 1776-1800'),
(30, 'Curveta, post-1800'),
(31, 'Ship, pre-1726'),
(32, 'Ship, 1726-50'),
(33, 'Ship, 1751-75'),
(34, 'Ship, 1776-1800'),
(35, 'Ship, 1801-25'),
(36, 'Ship, 1826-1850'),
(37, 'Ship, post-1850'),
(38, 'Schooner-brig'),
(39, 'Smack'),
(40, 'Patacho'),
(41, 'Brigantine, pre-1776'),
(42, 'Brigantine, 1776-1800'),
(43, 'Brigantine, 1801-25'),
(44, 'Brigantine, 1825-50'),
(45, 'Brigantine, post-1850'),
(46, 'Barque, pre-1826 '),
(47, 'Barque, 1826-50'),
(48, 'Barque, 1851-75'),
(49, 'Polacca'),
(50, 'Pilot'),
(51, 'Sumaca, pre-1751'),
(52, 'Sumaca, 1751-76'),
(53, 'Sumaca, 1776-1800'),
(54, 'Sumaca, 1800-25'),
(55, 'Sumaca, 1826-66'),
(56, 'Felucca'),
(57, 'Barqua'),
(58, 'Navio Mercante'),
(59, 'Chalupa'),
(60, 'Galera, pre-1751'),
(61, 'Galera,1751-76'),
(62, 'Galera, 1776-1800'),
(63, 'Galera, 1801-25'),
(64, 'Galera, post-1850'),
(65, 'Sloop, pre-1751'),
(66, 'Sloop, 1751-76'),
(67, 'Sloop, 1776-1800'),
(68, 'Sloop, post-1800'),
(69, 'Steamer'),
(70, 'Fregata, pre-1726'),
(71, 'Fregata, 1726-75'),
(73, 'Fluit'),
(74, 'Snow, pre-1726'),
(75, 'Snow, 1726-50'),
(76, 'Snow, 1751-75'),
(77, 'Snow, 1776-1800'),
(78, 'Snow, post-1800'),
(79, 'Bergantine, pre-1776'),
(80, 'Bergantine, 1776-1800 '),
(81, 'Bergantine, 1801-25'),
(82, 'Bergantine, 1826-75'),
(83, 'Penque'),
(84, 'Charrua'),
(85, 'Fregata, post-1800'),
(86, 'Balandra'),
(87, 'Paquete'),
(88, 'Iate, pre-1826'),
(89, 'Iate, post-1825'),
(90, 'Galeta, pre-1826'),
(91, 'Galeta, 1826-50'),
(92, 'Galeta, 1851-75'),
(93, 'Small craft'),
(94, 'Buque, pre-1726'),
(95, 'Buque, 1726-1825'),
(97, 'Fregata, 1776-1800'),
(98, 'Brig, 1751-75'),
(99, 'North America, pre-1851'),
(101, 'Senegambia, pre-1701'),
(102, 'Senegambia, 1701-1800'),
(103, 'Senegambia, post-1800'),
(104, 'Sierra Leone, pre-1701'),
(105, 'Sierra Leone, 1701-1800'),
(106, 'Sierra Leone, post-1800'),
(107, 'Gold Coast, pre-1701'),
(108, 'Gold Coast, post-1700'),
(110, 'B. of Benin, pre-1700'),
(111, 'B. of Benin, 1700-1800'),
(112, 'B. of Benin, post-1800'),
(113, 'B. of Biafra, pre-1700'),
(114, 'B. of Biafra, 1700-1800'),
(115, 'B. of Biafra, post-1800'),
(116, 'W C Africa, pre-1701'),
(117, 'WC Africa, 1701-1800'),
(118, 'WC Africa, post-1800'),
(120, 'Windward Coast'),
(122, 'SE. Africa, pre-1701'),
(123, 'SE. Africa, 1701-1800'),
(124, 'SE. Africa, post-1800'),
(128, 'Norig, 1651-75'),
(129, 'Norig, 1676-1700'),
(130, 'Norig, 1701-25'),
(131, 'Norig, 1726-50'),
(132, 'Norig, 1751-75'),
(133, 'Norig, 1776-1800'),
(134, 'Norig, 1801-25'),
(135, 'Norig, 1826-50'),
(136, 'Norig, 1851-66'),
(137, 'US brig, pre-1776'),
(138, 'US brig, 1776-1800'),
(139, 'US brig, 1801-25'),
(140, 'US brig, post-1825'),
(141, 'US schooner, pre-1776'),
(142, 'US schooner, 1776-1800'),
(143, 'US schooner, 1801-25'),
(145, 'US schooner, post-1825'),
(146, 'US ship, pre-1776'),
(147, 'US ship, 1776-1800'),
(148, 'US ship, 1801-25'),
(149, 'US ship, post-1825'),
(150, 'US brigantine, pre-1776'),
(151, 'US brigantine, 1776-1825'),
(152, 'US brigantine, post-1825'),
(154, 'US barque'),
(155, 'US sloop'),
(156, 'US snow'),
(157, 'Danish, pre-1794'),
(159, 'Danish, 1794-1806');

-- Country in which ship registered
-- Format: F2
-- Variable: NATIONAL
CREATE TABLE country_ship_registered_national(
  national int GENERATED BY DEFAULT AS IDENTITY PRIMARY KEY,
  label VARCHAR
);

INSERT INTO country_ship_registered_national(national, label) VALUES
(1, 'Spain'),
(2, 'Uruguay'),
(4, 'Portugal'),
(5, 'Brazil'),
(7, 'Great Britain'),
(8, 'Netherlands'),
(9, 'U.S.A.'),
(10, 'France'),
(11, 'Denmark'),
(12, 'Hanse Towns,Brandenburg'),
(13, 'Sweden'),
(14, 'Norway'),
(16, 'Argentina'),
(17, 'Russia'),
(18, 'Sardinia'),
(19, 'Mexico'),
(24, 'Genoa ');


-- Definition of ton used in tonnage
-- Format: F2
-- Variable: TONTYPE

CREATE TABLE ton_in_tonnage_tontype(
  tontype int GENERATED BY DEFAULT AS IDENTITY PRIMARY KEY,
  label VARCHAR
);

INSERT INTO ton_in_tonnage_tontype(tontype, label) VALUES
(1, 'Portuguese'),
(2, 'Brazilian'),
(3, 'Spani sh'),
(4, 'French'),
(5, 'U.S.A.'),
(7, 'Dutch'),
(8, 'Hanse Towns,Brandenburg'),
(11, 'Russian'),
(12, 'Danish'),
(13, 'English 1'),
(14, 'English 2'),
(15, 'English 3'),
(17, 'English 4'),
(19, 'Norwegian'),
(20, 'Mexican'),
(21, 'English RAC'),
(22, 'English pre-1775');



-- Rig of vessel
-- Format: F2
-- Variable: RIG

CREATE TABLE rig_vessel_rig(
  rig int GENERATED BY DEFAULT AS IDENTITY PRIMARY KEY,
  label VARCHAR
);

INSERT INTO rig_vessel_rig(rig, label) VALUES
(1, 'Brig'),
(2, 'Schooner'),
(3, 'Curveta'),
(4, 'Ship'),
(5, 'Schooner-brig'),
(6, 'Smack'),
(7, 'Patacho'),
(8, 'Brigantine'),
(9, 'Barque'),
(10, 'Polacca schooner'),
(11, 'Pailebot'),
(12, 'Pilot boat'),
(13, 'Sumaca'),
(14, 'Yacht'),
(15, 'Felucca'),
(16, 'Galliot'),
(17, 'Cutter'),
(18, 'Pinnace'),
(19, 'Launch'),
(20, 'Barqua'),
(21, 'Navio mercante'),
(22, 'Charrua de guerra'),
(23, 'Chalupa'),
(24, 'Pollaca'),
(25, 'Galera'),
(26, 'Vessel'),
(27, 'Sloop'),
(28, 'Steamer'),
(29, 'Whaler'),
(30, 'Fregat'),
(31, 'Barque (Dutch)'),
(32, 'Fluit'),
(33, 'Brik'),
(34, 'Hoeker'),
(35, 'Snauw'),
(36, 'Yaght'),
(37, 'Pinas'),
(38, 'Galjoot'),
(39, 'Hekboot'),
(40, 'Bergantim'),
(41, 'Penque'),
(42, 'Não'),
(43, 'Corsario'),
(44, 'Charrua'),
(45, 'Fregata'),
(46, 'Charrauinha'),
(47, 'Balandra'),
(48, 'Paquete'),
(49, 'Hyate (iate)'),
(50, 'Berlin'),
(51, 'Galeta'),
(52, 'Lugger'),
(53, 'Ketch'),
(54, 'Billd'),
(55, 'Boat'),
(56, 'Shal p'),
(57, 'Pink'),
(58, 'Hay'),
(59, 'Dogger'),
(60, 'Buque'),
(61, 'Laud'),
(62, 'Brigue-escuna'),
(63, 'Fragatihna'),
(64, 'Nau-Caravela'),
(65, 'Lancha'),
(66, 'Talaveira'),
(67, 'Batelão'),
(70, 'Caravela'),
(71, 'Galeão'),
(75, 'Faluxo'),
(76, 'Xixorro'),
(77, 'Vasca'),
(80, 'Pangaio'),
(81, 'Palla'),
(82, 'Barca'),
(83, 'Escaller'),
(84, 'Filibote'),
(85, 'Urca'),
(86, 'Pinnace');





-- Particular outcome of voyage
-- Format: F3
-- Variable: FATE

CREATE TABLE particular_outcome_voyage_fate(
  fate int GENERATED BY DEFAULT AS IDENTITY PRIMARY KEY,
  label VARCHAR
);

INSERT INTO particular_outcome_voyage_fate(fate, label) VALUES
(1, 'Voyage completed as intended'),
(2, 'Shipwrecked or destroyed, before slaves embarked'),
(3, 'Shipwrecked or destroyed, after embarkation of slaves or during slaving'),
(4, 'Shipwrecked or destroyed, after disembarkation'),
(5, 'Shipwrecked or destroyed - unspecified'),
(6, 'Captured by pirates or privateers - before slaves embarked'),
(7, 'Captured by pirates or privateers - after embarkation of slaves'),
(8, 'Captured by piratesor privateers- after disembarkation'),
(9, 'Captured by pi rates or privateers - unspecified'),
(10, 'Captured by British - before slaves embarked'),
(11, 'Captured by British - after embarkation of slaves'),
(12, 'Captured by British - after disembarkation'),
(13, 'Captured by British - unspecified'),
(14, 'Captured by Spanish - before slaves embarked'),
(15, 'Captured by Spanish - after embarkation of slaves'),
(16, 'Captured by Spanish - after disembarkation'),
(17, 'Captured by Spanish - unspecified'),
(18, 'Captured by Dutch - before slaves embarked'),
(19, 'Captured by Dutch - after embarkation of slaves'),
(20, 'Captured by Dutch - after disembarkation'),
(21, 'Captured by Dutch - unspecified'),
(22, 'Captured by Portuguese - before slaves embarked'),
(23, 'Captured by Portuguese - after embarkation of slaves'),
(24, 'Captured by Portuguese - Americas after disembarkation'),
(25, 'Captured by Portuguese - unspecified'),
(26, 'Captured - unspecified'),
(27, 'Condemned - before slaves embarked'),
(28, 'Condemned - after embarkation of slaves'),
(29, 'Condemned - Americas after disembarkation'),
(30, 'Condemned - unspecified'),
(31, 'Captured by the Barbary Powers before embarking slaves'),
(39, 'Destroyed - unspecified'),
(40, 'Sold'),
(41, 'Left coast with trading cargo intact'),
(42, 'Taken by Africans'),
(43, 'Captured by Cie du Senegal'),
(44, 'Abandoned and/or sold off Africa'),
(45, 'Captured unspecified before slaves embarked'),
(46, 'Captured unspecified after embarkation of slaves'),
(47, 'Captured unspecified after slaves disembarked '),
(48, 'Captured by pirates - slaves sold in Americas from another ship'),
(49, 'Sold slaves in Americas - subsequent fate unknown'),
(50, 'Captured by the French - before slaves embarked'),
(51, 'Captured by the French - after embarkation of slaves'),
(52, 'Captured by the French - after slaves disembarked'),
(53, 'Captured by the French - unspecified'),
(54, 'Condemned in the Americas by British after slaves disembarked'),
(55, 'Pressed into government service'),
(56, 'Captured by slaves: ship did not reach the Americas'),
(57, 'Captured by crew: fate unknown'),
(58, 'Condemned in the Americas by British before slaves disembarked'),
(59, 'Bought at least one slave in Africa - subsequent fate unknown'),
(66, 'Destroyed, lost or sold as result of slave rebellion'),
(67, 'Taken, retaken and salvaged before reaching African trade site'),
(68, 'Sold in the Americas after disembarking slaves'),
(69, 'Cut off by Africans from shore, ship did not reach the Americas'),
(70, 'Sol d i n the Americas - not known whether ship brought slaves'),
(71, 'Captured before disembarking slaves; vessel recaptured or released subsequently'),
(72, 'Driven off the African Coast with slaves on board'),
(73, 'Captured by slaves, unknown outcome'),
(74, 'Captured by crew, did not land slaves in the Americas'),
(75, 'Lost before reaching Americas: slaves reached port in other ships'),
(76, 'Some slaves removed by pirates/privateers'),
(77, 'Arrived in Africa, subsequent fate unknown'),
(78, 'Captured and recaptured after disembarking slaves'),
(79, 'Crew mutiny; slaves landed in the Americas'),
(80, 'Cut off by Africans from shore. Recaptured and landed slaves in Americas'),
(81, 'Captured by slaves, recaptured and landed slaves in the Americas'),
(82, 'Captured by slaves, recaptured and landed slaves in the Americas, lost'),
(85, 'Completed voyage after slaves removed for salvage'),
(86, 'Ship returned direct to home port after selling slaves to another vessel'),
(87, 'Taken by slaves, vessel recaptured, unknown outcome'),
(88, 'Sold prematurelyin Europe after disembarking slavesin the Americas'),
(89, 'Captured by the crew, slaves sold in Africa'),
(90, 'Captured by the crew, no slaves taken, crew sold gold in Europe'),
(91, 'Condemned in Africa with slaves, slaves transshipped/sold'),
(92, 'Returned direct to Africa after bringing slaves to the Americas'),
(93, 'Returned to Europe or Americas without obtaining slaves'),
(94, 'Laid up (disarmed) or broken upin Africa'),
(95, 'Laid up (disarmed) or broken upin the Americas'),
(96, 'Either shipwrecked or captured by pirates before slaves taken on board'),
(97, 'Abandoned or condemned for un-seaworthiness in the Americas'),
(98, 'Ship and slaves sold in Africa'),
(99, 'Taken by slaves, recaptured, then ship lost'),
(102, 'Vice-Admiralty Court, St. Helena, condemned'),
(103, 'Vice-Admiralty Court, St. Helena, restored'),
(104, 'Vice-Admiralty Court, British Guiana, condemned'),
(105, 'Vice-Admiralty Court, British Guiana, restored'),
(106, 'Vice-Admiralty Court, Cape of Good Hope, condemned'),
(107, 'Vice-Admiralty Court, Cape of Good Hope, restored'),
(108, 'Vice-Admiralty Court, Jamaica, condemned'),
(109, 'Vice-Admiralty Court, Jamaica, restored'),
(110, 'Vice-Admiralty Court, Sierra Leone, condemned'),
(111, 'Vice-Admiralty Court, Sierra Leone, restored'),
(112, 'Vice-Admiralty Court, Barbados, condemned'),
(113, 'Vice-Admiralty Court, Barbados, restored'),
(114, 'Vice-Admiralty Court, Mauritius, condemned'),
(115, 'Vice-Admiralty Court, Mauritius, restored'),
(118, 'High Court of Admiralty, condemned'),
(119, 'High Court of Admiralty, restored'),
(120, 'Court of Mixed Commission, Sierra Leone, condemned'),
(121, 'Court of Mixed Commission, Sierra Leone, restored'),
(122, 'Court of Mixed Commission, Hav ana, condemned'),
(123, 'Court of Mixed Commission, Hav ana, restored'),
(124, 'Court of Mixed Commission, Rio de Janeiro, condemned'),
(125, 'Court of Mixed Commission, Rio de Janeiro, restored'),
(126, 'Court of Mixed Commission, Luanda, condemned'),
(127, 'Court of Mixed Commission, Luanda, restored'),
(128, 'Court of Mixed Commission, Cape of Good Hope, condemned'),
(129, 'Court of Mixed Commission, Cape of Good Hope, restored'),
(130, 'Lagos, Vice-Admiralty Court, condemned'),
(132, 'Vice-Admiralty Court, Antigua, condemned'),
(134, 'Vice-Admiralty Court, Tortola, condemned'),
(135, 'Vice-Admiralty Court, Tortola, restored'),
(138, 'Vice-Admiralty Court, unspecified, condemned'),
(139, 'Vice-Admiralty Court, unspecified, restored'),
(141, 'Given up to the United States government'),
(142, 'Arrested by Brazil or given up to the Brazilian government'),
(144, 'Vice Admiralty Court, Dominica, condemned'),
(148, 'Vice-Admiralty Court, Bahamas, condemned'),
(149, 'Vice-Admiralty Court, Bahamas, restored'),
(153, 'Captured and released without court proceedings'),
(154, 'Driven or run on shore i n the Americas: no court proceedings'),
(155, 'Given up to the Mexican Government, Veracruz'),
(156, 'Taken to Genoa and given up to Sardinian authorities'),
(157, 'Abandoned in Europe after completing voyage'),
(159, 'Captured by Argentinian privateers after embarkation of slaves'),
(160, 'Captured by United States before slaves embarked'),
(161, 'Captured by United States with slaves'),
(162, 'Captured by United States after slaves disembarked'),
(163, 'Captured by United States, slave presence unspecified'),
(164, 'French proceedings initiated in Africa, acquittal'),
(165, 'French proceedings initiated in Africa, condemned'),
(166, 'French proceedings initiated in Africa, unknown outcome'),
(170, 'French proceedings, initiated in unknown location, acquittal'),
(171, 'French proceedings, initiated in unknown location, condemned'),
(172, 'French proceedings, initiated in unknown location, unknown outcome'),
(173, 'French proceedings initiated in Guadeloupe, acquittal'),
(174, 'French proceedings initiated in Guadeloupe, condemned'),
(175, 'French proceedings initiated in Guadeloupe, unknown outcome'),
(176, 'French proceedings initiated in Martinique, acquittal'),
(177, 'French proceedings initiated in Martinique, condemned'),
(178, 'French proceedings initiated in Martinique, unknown outcome'),
(179, 'French proceedings initiated in Cayenne, acquittal'),
(180, 'French proceedings initiated in Cayenne, condemned'),
(181, 'French proceedings initiated in Cayenne, unknown outcome'),
(182, 'French proceedings initiated in France, acquittal'),
(183, 'French proceedings initiated in France, condemned'),
(184, 'French proceedings initiated in France, unknown outcome'),
(185, 'Detained and condemned in the United States after slaves disembarked'),
(186, 'Captured by Dutch, slaves turned loose in Africa'),
(187, 'Captured by Dutch, slaves turned loose in Brazil'),
(188, '‘Temporarily detained by the Dutch: Voyage allowed to continue with slaves.'),
(189, 'Slaves removed by Dutch and vessel allowed to continue, subsequent fate unknown'),
(191, 'Captured by Portuguese and Dutch'),
(192, 'Captured by Algerian pirates'),
(193, 'Captured by Turks'),
(194, 'Captured by British, released'),
(195, 'Looted by Dutch at Elmina'),
(196, 'Captured by first by the British and then by the Dutch after slaves embarked'),
(198, 'Vessel driven back into port of departure by British and voyage aborted'),
(199, 'Arrived in Brazil and refused permission to disembark'),
(200, 'Ship and cargo captured by Africans and ship released'),
(201, 'Ship captured by Haitian navy and slaves released in Haiti'),
(202, 'Condemned at Gorée by the British'),
(203, 'Captured by the British, retaken by original crew, completed voyage'),
(204, 'Captured by pirates after slaves embarked, ship and slaves burned.'),
(205, 'Captured by English, slaves turned loose on Spanish Main'),
(206, 'Sold slaves in Africa'),
(207, 'Sold slaves in Europe, subsequent fate unknown'),
(208, 'Left home port, nofurther record'),
(209, 'Captured by pirates and burned'),
(210, 'Looted by pirates, voyage continued'),
(211, 'Captured by Venezuelans before disembarkation of slaves'),
(212, 'Captured by the Swedes'),
(213, 'Captured by the Dominican Republic');


-- African resistance
-- Format: F1
-- Variable: RESISTANCE
-- Vericar apostro e aspas duplas
CREATE TABLE african_resistance(
  resistance int GENERATED BY DEFAULT AS IDENTITY PRIMARY KEY,
  label VARCHAR
);

INSERT INTO african_resistance(resistance, label) VALUES
(1, 'Slave Insurrection'),
(2, 'Vessel attacked from shore'),
(3, 'Vessel   apostrofo     s boats attacked from shore'),
(4, 'Cut-off (meaning unclear)'),
(5, 'Three or more slaves jumping overboard, missing, or escaped'),
(6, 'Insurrection planned, but thwarted');


-- ******************************************************
-- Imputed variables
-- ******************************************************


-- Imputed country in which ship registered
-- Format: F2
-- The variable name “FLAG*” is used instead of "NATINIMP" on the Voyages website.

CREATE TABLE imputed_country_ship_registered_natinimp(
  natinimp int GENERATED BY DEFAULT AS IDENTITY PRIMARY KEY,
  label VARCHAR
);

INSERT INTO imputed_country_ship_registered_natinimp(natinimp, label) VALUES
(3, 'Spain / Uruguay'),
(6, 'Portugal / Brazil'),
(7, 'Great Britain'),
(8, 'Netherlands'),
(9, 'U.S.A.'),
(10, 'France'),
(15, 'Denmark / Baltic'),
(30, 'Other');


-- Outcome of voyage for slaves
-- Format: F1
-- Variable: FATE2
CREATE TABLE imputed_outcome_voyage_fate2(
  fate2 int GENERATED BY DEFAULT AS IDENTITY PRIMARY KEY,
  label VARCHAR
);

INSERT INTO imputed_outcome_voyage_fate2(fate2, label) VALUES
(1, 'Slaves disembarked Americas'),
(2, 'No slaves embarked'),
(3, 'Slaves disembarked in Africa or Europe'),
(4, 'Slaves perished with ship'),
(5, 'Slaves embarked, transshipped or no further record'),
(6, 'No information on slaves'),
(7, 'Slaves embarked but not disembarked in Europe or America ');


-- Outcome of voyage if vessel captured
-- Format: F2
-- Variable: FATE3
CREATE TABLE imputed_outcome_voyage_fate3(
  fate3 int GENERATED BY DEFAULT AS IDENTITY PRIMARY KEY,
  label VARCHAR
);

INSERT INTO imputed_outcome_voyage_fate3(fate3, label) VALUES
(1, 'Natural hazard'),
(2, 'Pirate/privateer action'),
(3, 'British'),
(4, 'Spanish'),
(5, 'Dutch'),
(6, 'Portuguese'),
(8, 'French'),
(9, 'US'),
(10, 'African'),
(11, 'Crew action'),
(12, 'Brazil'),
(13, 'Captor unspecified'),
(14, 'Not captured'),
(15, 'Unknown'),
(16, 'Haitians'),
(17, 'Venezuela'),
(18, 'Sweden');



-- Outcome of voyage for owner
-- Format: F2
-- Variabel: FATE4
CREATE TABLE imputed_outcome_voyage_fate4(
  fate4 int GENERATED BY DEFAULT AS IDENTITY PRIMARY KEY,
  label VARCHAR
);

INSERT INTO imputed_outcome_voyage_fate4(fate4, label) VALUES
(1, 'Delivered slavesf or original owners'),
(2, 'Original goal thwarted (natural hazard)'),
(3, 'Original goal thwarted (human agency)'),
(4, 'Unknown outcome');


-- ****************************** Geographic data ******************************
-- Page 30, document: https://www.slavevoyages.org/documents/download/Codebook2013_5-3_final.pdf
-- "All geographical variables use a 5-digit set of codes 
-- where the first digit indicates broad region, 
-- the second and third digits indicate a specific region within the broad region, 
-- and the fourth and fifth digits indicate a place (port or location) within a specific region."

CREATE TABLE broad_regions(
  id int GENERATED BY DEFAULT AS IDENTITY PRIMARY KEY,
  label VARCHAR
);

INSERT INTO broad_regions(id, label) VALUES
(10000, 'Europe'),
(20000, 'Mainland North America'),
(30000, 'Caribbean'),
(40000, 'Spanish American Mainland'),
(50000, 'Brazil'),
(60000, 'Africa'),
(80000, 'Other'),
(90000, 'Unknown');

-- Value Specific region (country or colony)
CREATE TABLE specific_regions(
  id int GENERATED BY DEFAULT AS IDENTITY PRIMARY KEY,
  broad_region_id INTEGER NOT NULL REFERENCES broad_regions(id),
  label VARCHAR
);

-- 10000 Europe
INSERT INTO specific_regions(id, label, broad_region_id) VALUES
(10100, 'Spain', 10000),
(10200, 'Portugal', 10000),
(10300, 'Great Britain', 10000),
(10400, 'England', 10000),
(10500, 'Scotland', 10000),
(10600, 'Ireland', 10000),
(10700, 'France', 10000),
(10800, 'Netherlands', 10000),
(10900, 'Denmark', 10000),
(11000, 'Northern Germany', 10000),
(11100, 'Belgium', 10000),
(11200, 'Norway', 10000),
(11300, 'Sweden', 10000),
(11400, 'Italy', 10000),
(11500, 'Russi a', 10000),
(11600, 'Mediterranean ', 10000);

-- 20000 Mainland North America
INSERT INTO specific_regions(id, label, broad_region_id) VALUES
(20100, 'Rhode Island', 20000),
(20200, 'Maine', 20000),
(20300, 'New Hampshire', 20000),
(20400, 'Massachusetts', 20000),
(20500, 'Connecticut', 20000),
(20600, 'New York', 20000),
(20700, 'Delaware', 20000),
(20800, 'New Jersey', 20000),
(20900, 'Pennsylvania', 20000),
(21000, 'Maryland', 20000),
(21100, 'Virginia', 20000),
(21200, 'North Carolina', 20000),
(21300, 'South Carolina', 20000),
(21400, 'Georgia', 20000),
(21500, 'Florida', 20000),
(21600, 'Gulf coast', 20000),
(21700, 'Canada', 20000),
(21900, 'Other North America', 20000);


--30000 Caribbean
INSERT INTO specific_regions(id, label, broad_region_id) VALUES
(31100, 'Hispaniola', 30000),
(31200, 'Puerto Rico', 30000),
(31300, 'Cuba', 30000),
(31400, 'Other Spanish Caribbean', 30000),
(32100, 'Dutch Caribbean', 30000),
(32200, 'Dutch Guianas', 30000),
(32300, 'Other Dutch Americas', 30000),
(33200, 'Tortola', 30000),
(33300, 'Anguilla', 30000),
(33400, 'Antigua', 30000),
(33500, 'St. Kitts', 30000),
(33600, 'Nevis', 30000),
(33700, 'Montserrat', 30000),
(33800, 'Dominica', 30000),
(34100, 'St. Lucia', 30000),
(34200, 'Barbados', 30000),
(34300, 'St. Vincent', 30000),
(34400, 'Grenada', 30000),
(34500, 'Trinidad', 30000),
(34600, 'Tobago', 30000),
(35100, 'Jamaica', 30000),
(35200, 'Bahamas', 30000),
(35300, 'British Guiana', 30000),
(35400, 'Honduras', 30000),
(35500, 'Other British Caribbean', 30000),
(36100, 'Martinique', 30000),
(36200, 'Guadeloupe', 30000),
(36300, 'French Guiana', 30000),
(36400, 'Saint-Domingue', 30000),
(36500, 'Other French Caribbean', 30000),
(37000, 'Danish West Indies', 30000),
(38100, 'St. Barthélemy (Sweden)', 30000),
(39000, 'Other Caribbean ', 30000);


-- 40000 Spanish Mainland America
INSERT INTO specific_regions(id, label, broad_region_id) VALUES
(41200, 'Spanish Circum-Caribbean', 40000),
(42000, 'Rio de la Plata', 40000),
(43000, 'Peru', 40000);

-- 50000 Brazil
INSERT INTO specific_regions(id, label, broad_region_id) VALUES
(50100, 'Amazonia', 50000),
(50200, 'Bahia', 50000),
(50300, 'Pernambuco', 50000),
(50400, 'Southeast Brazil', 50000),
(50500, 'Other Brazil', 50000);


-- 60000 Africa
INSERT INTO specific_regions(id, label, broad_region_id) VALUES
(60100, 'Senegambia and off shore Atlantic', 60000),
(60200, 'Sierra Leone', 60000),
(60300, 'Windward Coast', 60000),
(60400, 'Gold Coast', 60000),
(60500, 'Bight of Benin', 60000),
(60600, 'Bight of Biafra and Gulf of Guinea islands', 60000),
(60700, 'West Central Africa and St. Helena', 60000),
(60800, 'Southeast Africa and Indian Ocean islands', 60000),
(60900, 'Other Africa', 60000);

-- 80000 Other
INSERT INTO specific_regions(id, label, broad_region_id) VALUES
(80100, 'East Indies', 80000),
(80200, 'Americas', 80000),
(80300, 'Asia e Africa', 80000),
(80400, 'Spanish Americas', 80000),
(80500, 'British Americas', 80000),
(80600, 'India', 80000),
(80700, 'Non-geographical', 80000);

INSERT INTO specific_regions(id, label, broad_region_id) VALUES
(90100, 'Unknown', 90000);

-- Place (port or location)
CREATE TABLE places(
  id int GENERATED BY DEFAULT AS IDENTITY PRIMARY KEY,
  broad_region_id INTEGER NOT NULL REFERENCES broad_regions(id),
  specific_region_id INTEGER NOT NULL REFERENCES specific_regions(id),
  label VARCHAR
);

-- 10100 Spain
INSERT INTO places(id, label, broad_region_id, specific_region_id) VALUES
(10101, 'Alicante', 10000, 10100),
(10102, 'Barcelona', 10000, 10100),
(10103, 'Bilbao', 10000, 10100),
(10104, 'Cadiz', 10000, 10100),
(10105, 'Figuera', 10000, 10100),
(10106, 'Gibraltar', 10000, 10100),
(10107, 'La Coruña', 10000, 10100),
(10110, 'Santander', 10000, 10100),
(10111, 'Seville', 10000, 10100),
(10112, 'San Lucar', 10000, 10100),
(10113, 'Vigo', 10000, 10100),
(10115, 'Canary Islands', 10000, 10100),
(10116, 'Tenerife', 10000, 10100),
(10199, 'Spain, port unspecified', 10000, 10100);

-- 10200 Portugal
INSERT INTO places(id, label, broad_region_id, specific_region_id) VALUES
(10202, 'Lagos', 10000, 10200),
(10203, 'Lisbon', 10000, 10200),
(10204, 'Oporto', 10000, 10200),
(10205, 'Ilho do Fayal', 10000, 10200),
(10206, 'Setubal', 10000, 10200),
(10299, 'Portugal, port unspecified', 10000, 10200);

-- 10300 GREAT BRITAIN
INSERT INTO places(id, label, broad_region_id, specific_region_id) VALUES
(10399, 'Great Britain, port unspecified', 10000, 10300);


-- 10400 ENGLAND 
INSERT INTO places(id, label, broad_region_id, specific_region_id) VALUES
(10401, 'Barmouth', 10000, 10400),
(10402, 'Bideford ', 10000, 10400),
(10403, 'Birkenhead', 10000, 10400),
(10404, 'Bristol', 10000, 10400),
(10405, 'Brixham', 10000, 10400),
(10406, 'Broadstairs', 10000, 10400),
(10407, 'Cawsand', 10000, 10400),
(10408, 'Chepstow', 10000, 10400),
(10409, 'Chester', 10000, 10400),
(10410, 'Colchester', 10000, 10400),
(10411, 'Cowes', 10000, 10400),
(10412, 'Dartmouth', 10000, 10400),
(10413, 'Deptford', 10000, 10400),
(10414, 'Dover', 10000, 10400),
(10415, 'Exeter', 10000, 10400),
(10416, 'Folkstone', 10000, 10400),
(10417, 'Frodsham', 10000, 10400),
(10418, 'Gainsborough', 10000, 10400),
(10419, 'Greenwich', 10000, 10400),
(10420, 'Guernsey', 10000, 10400),
(10421, 'Harwich', 10000, 10400),
(10422, 'Hull', 10000, 10400),
(10423, 'Ilfracombe', 10000, 10400),
(10424, 'Ipswich', 10000, 10400),
(10425, 'Isle of Man', 10000, 10400),
(10426, 'Isle of Wight', 10000, 10400),
(10427, 'Jersey', 10000, 10400),
(10428, 'Kendal', 10000, 10400),
(10429, 'Kings Lynn apostrofo', 10000, 10400),
(10430, 'Lancaster', 10000, 10400),
(10431, 'Lindale', 10000, 10400),
(10432, 'Liverpool', 10000, 10400),
(10433, 'London', 10000, 10400),
(10434, 'Lyme', 10000, 10400),
(10436, 'Maryport', 10000, 10400),
(10437, 'Milford Haven', 10000, 10400),
(10438, 'New Shoreham', 10000, 10400),
(10439, 'Newcastle upon Tyne', 10000, 10400),
(10440, 'Newnham', 10000, 10400),
(10441, 'North Shields', 10000, 10400),
(10442, 'Northam', 10000, 10400),
(10443, 'Norwich', 10000, 10400),
(10444, 'Padstowe', 10000, 10400),
(10445, 'Parkgate', 10000, 10400),
(10446, 'Piel of Foulney', 10000, 10400),
(10447, 'Plymouth', 10000, 10400),
(10448, 'Poole', 10000, 10400),
(10449, 'Portsery', 10000, 10400),
(10450, 'Portsmouth', 10000, 10400),
(10451, 'Poulton', 10000, 10400),
(10452, 'Preston', 10000, 10400),
(10453, 'Ramsgate', 10000, 10400),
(10454, 'Ravenglass', 10000, 10400),
(10455, 'River Thames', 10000, 10400),
(10456, 'Rochester', 10000, 10400),
(10457, 'Rotherhithe', 10000, 10400),
(10458, 'Rye', 10000, 10400),
(10459, 'Scarborough', 10000, 10400),
(10460, 'Sheerness', 10000, 10400),
(10461, 'Shields', 10000, 10400),
(10462, 'Shoreham', 10000, 10400),
(10463, 'Sidmouth', 10000, 10400),
(10464, 'Southampton', 10000, 10400),
(10466, 'Stockton', 10000, 10400),
(10467, 'Stockwithe', 10000, 10400),
(10468, 'Sunderland', 10000, 10400),
(10469, 'Teignmouth', 10000, 10400),
(10470, 'Topsham', 10000, 10400),
(10471, 'Torbay', 10000, 10400),
(10472, 'Wales', 10000, 10400),
(10473, 'Whitby', 10000, 10400),
(10474, 'Whitehav en', 10000, 10400),
(10476, 'Workington', 10000, 10400),
(10477, 'Yarmouth', 10000, 10400),
(10478, 'Youghal', 10000, 10400),
(10479, 'Conway', 10000, 10400),
(10480, 'Falmouth (Eng.)', 10000, 10400),
(10499, 'England, port unspecified', 10000, 10400);

-- 10500 SCOTLAND 
INSERT INTO places(id, label, broad_region_id, specific_region_id) VALUES
(10501, 'Airth', 10000, 10500),
(10502, 'Borrowstounness', 10000, 10500),
(10503, 'Dundee', 10000, 10500),
(10504, 'Glasgow', 10000, 10500),
(10505, 'Greenock', 10000, 10500),
(10506, 'Leith', 10000, 10500),
(10507, 'Lough Neagh', 10000, 10500),
(10508, 'Montrose', 10000, 10500),
(10509, 'Ross', 10000, 10500),
(10510, 'Saltcoats', 10000, 10500),
(10511, 'Largo, Fifeshire', 10000, 10500),
(10599, 'Scotland, port unspecified', 10000, 10500);

-- 10600 IRELAND
INSERT INTO places(id, label, broad_region_id, specific_region_id) VALUES
(10601, 'Cork', 10000, 10600),
(10602, 'Dublin', 10000, 10600),
(10603, 'Dungarvan', 10000, 10600),
(10604, 'Galway', 10000, 10600),
(10605, 'Kinsale', 10000, 10600),
(10606, 'Limerick', 10000, 10600),
(10607, 'Londonderry', 10000, 10600),
(10608, 'Ringsend', 10000, 10600),
(10609, 'Strangford', 10000, 10600),
(10610, 'Waterford', 10000, 10600),
(10611, 'Wexford', 10000, 10600),
(10699, 'Ireland, port unspecified', 10000, 10600);

-- 10700 FRANCE 
INSERT INTO places(id, label, broad_region_id, specific_region_id) VALUES
(10702, 'Bayonne', 10000, 10700),
(10703, 'Bordeaux', 10000, 10700),
(10704, 'Brest', 10000, 10700),
(10705, 'Calais', 10000, 10700),
(10706, 'Camaret', 10000, 10700),
(10707, 'Dieppe', 10000, 10700),
(10708, 'Dinard', 10000, 10700),
(10709, 'Dunkerque', 10000, 10700),
(10710, 'Honfleur', 10000, 10700),
(10711, 'Ile de Batz', 10000, 10700),
(10712, 'La Rochelle', 10000, 10700),
(10713, 'Le Havre', 10000, 10700),
(10714, 'LesSables', 10000, 10700),
(10715, 'Lorient', 10000, 10700),
(10716, 'Marseille', 10000, 10700),
(10717, 'Mediterranean coast (France)', 10000, 10700),
(10718, 'Mindin', 10000, 10700),
(10719, 'Morlaix', 10000, 10700),
(10720, 'Nantes', 10000, 10700),
(10721, 'Paimboeuf', 10000, 10700),
(10722, 'Port Louis', 10000, 10700),
(10723, 'Quimper', 10000, 10700),
(10724, 'Rochefort', 10000, 10700),
(10725, 'Saint-Brieuc', 10000, 10700),
(10726, 'Saint-Malo', 10000, 10700),
(10727, 'Saint-Nazaire', 10000, 10700),
(10728, 'Saint-Tropez', 10000, 10700),
(10729, 'Sète', 10000, 10700),
(10730, 'Vannes', 10000, 10700),
(10799, 'France, port unspecified', 10000, 10700);

-- 10800 NETHERLANDS 
INSERT INTO places(id, label, broad_region_id, specific_region_id) VALUES
(10810, 'Amsterdam', 10000, 10800),
(10821, 'Enkhuizen', 10000, 10800),
(10822, 'Hoorn', 10000, 10800),
(10827, 'Zaandam', 10000, 10800),
(10828, 'Zuider Zee', 10000, 10800),
(10829, 'Texel', 10000, 10800),
(10830, 'Rotterdam', 10000, 10800),
(10831, 'Dordrecht', 10000, 10800),
(10832, 'Maze', 10000, 10800),
(10833, 'Moerdijk', 10000, 10800),
(10834, 'Hellevoetsluis', 10000, 10800),
(10840, 'Zeeland', 10000, 10800),
(10850, 'Middelburg', 10000, 10800),
(10851, 'Vlissingen', 10000, 10800),
(10852, 'Veere', 10000, 10800),
(10860, 'Groningen', 10000, 10800),
(10899, 'Netherlands, port unspecified', 10000, 10800);

-- 10900 DENMARK 
INSERT INTO places(id, label, broad_region_id, specific_region_id) VALUES
(10901, 'Copenhagen', 10000, 10900),
(10902, 'Husum', 10000, 10900),
(10903, 'Elsineur', 10000, 10900),
(10999, 'Denmark, port unspecified', 10000, 10900);

-- 11000 NORTHERN GERMANY 
INSERT INTO places(id, label, broad_region_id, specific_region_id) VALUES
(11001, 'Pillau', 10000, 11000),
(11002, 'Elbe', 10000, 11000),
(11003, 'Emden', 10000, 11000),
(11004, 'Hamburg', 10000, 11000);

-- 11100 BELGIUM
INSERT INTO places(id, label, broad_region_id, specific_region_id) VALUES 
(11101, 'Antwerp', 10000, 11100),
(11102, 'Flanders', 10000, 11100),
(11103, 'Brugge', 10000, 11100),
(11199, 'Belgium, port unspecified', 10000, 11100);

-- 11200 NORWAY 
INSERT INTO places(id, label, broad_region_id, specific_region_id) VALUES
(11201, 'Tonsberg', 10000, 11200),
(11202, 'Bergen', 10000, 11200);

-- 11300 SWEDEN 
INSERT INTO places(id, label, broad_region_id, specific_region_id) VALUES
(11301, 'Gothenberg', 10000, 11300),
(11399, 'Sweden, port unspecified', 10000, 11300);

-- 11400 ITALY 
INSERT INTO places(id, label, broad_region_id, specific_region_id) VALUES
(11401, 'Genoa', 10000, 11400),
(11402, 'Naples', 10000, 11400),
(11403, 'Point Askaig', 10000, 11400),
(11404, 'Trieste', 10000, 11400);

-- 11500 RUSSIA 
INSERT INTO places(id, label, broad_region_id, specific_region_id) VALUES
(11501, 'Cronstadt', 10000, 11500),
(11502, 'Odessa', 10000, 11500);

-- 11600 MEDITERRANEAN 
INSERT INTO places(id, label, broad_region_id, specific_region_id) VALUES
(11601, 'Sardinia', 10000, 11600),
(11699, 'Mediterranean, port unspecified', 10000, 11600);



-- Broad Region: 20000 MAINLAND NORTH AMERICA

-- 20100 RHODE ISLAND
INSERT INTO places(id, label, broad_region_id, specific_region_id) VALUES
(20101, 'Bristol (RI)', 20000, 20100),
(20102, 'Little Compton', 20000, 20100),
(20103, 'Newport', 20000, 20100),
(20104, 'North Kingston', 20000, 20100),
(20105, 'Providence', 20000, 20100),
(20106, 'Tiverton', 20000, 20100),
(20107, 'Warren', 20000, 20100),
(20199, 'Rhode Island, port unspecified', 20000, 20100);

-- 20200 MAINE 
INSERT INTO places(id, label, broad_region_id, specific_region_id) VALUES
(20201, 'Bath', 20000, 20200),
(20202, 'Berwick', 20000, 20200),
(20203, 'Biddeford', 20000, 20200),
(20204, 'Calais', 20000, 20200),
(20205, 'Camden', 20000, 20200),
(20207, 'Freeport', 20000, 20200),
(20208, 'Portland', 20000, 20200),
(20209, 'Prospect', 20000, 20200),
(20210, 'Richmond', 20000, 20200),
(20211, 'Robbinston', 20000, 20200),
(20212, 'Rockland', 20000, 20200),
(20213, 'Sheepscutt River', 20000, 20200),
(20214, 'Wiscasset', 20000, 20200);

--20300 NEW HAMPSHIRE 
INSERT INTO places(id, label, broad_region_id, specific_region_id) VALUES
(20301, 'Piscataqua', 20000, 20300),
(20302, 'Portsmouth(NH)', 20000, 20300),
(20399, 'NewHampshire, port unspecified', 20000, 20300);

-- 20400 MASSACHUSETTS 
INSERT INTO places(id, label, broad_region_id, specific_region_id) VALUES
(20401, 'Massachusetts Bay', 20000,20400),
(20402, 'Amesbury', 20000,20400),
(20403, 'Arundel', 20000,20400),
(20404, 'Boston', 20000,20400),
(20405, 'Chatham', 20000,20400),
(20406, 'Cohasset', 20000,20400),
(20407, 'Dighton', 20000,20400),
(20408, 'Duxbury', 20000,20400),
(20409, 'Freetown (Mass.)', 20000,20400),
(20410, 'Georgetown', 20000,20400),
(20411, 'Hingham', 20000,20400),
(20412, 'Kingston (Mass.)', 20000,20400),
(20413, 'Marblehead', 20000,20400),
(20414, 'Marshfield', 20000,20400),
(20415, 'New Bedford', 20000,20400),
(20416, 'Newbury', 20000,20400),
(20417, 'Salem', 20000,20400),
(20418, 'Salisbury', 20000,20400),
(20419, 'Salfatudas', 20000,20400),
(20420, 'Scituate', 20000,20400),
(20421, 'Swansea', 20000,20400),
(20422, 'Weymouth', 20000,20400),
(20423, 'Charlestown', 20000,20400),
(20499, 'Massachusetts, port unspecified', 20000,20400);


-- 20500 CONNECTICUT
INSERT INTO places(id, label, broad_region_id, specific_region_id) VALUES
(20501, 'Bridgeport', 20000, 20500),
(20502, 'Guildford', 20000, 20500),
(20503, 'Haddam', 20000, 20500),
(20504, 'New Haven', 20000, 20500),
(20505, 'New London', 20000, 20500),
(20506, 'Middletown', 20000, 20500),
(20507, 'Hartford', 20000, 20500),
(20599, 'Connecticut, port unspecified', 20000, 20500);

-- 20600 NEW YORK
INSERT INTO places(id, label, broad_region_id, specific_region_id) VALUES
(20601, 'Brookhaven', 20000, 20600),
(20602, 'Long Island', 20000, 20600),
(20603, 'Sag Harbor', 20000, 20600),
(20699, 'New York, port unspecified', 20000, 20600);

-- 20700 DELAWARE 
INSERT INTO places(id, label, broad_region_id, specific_region_id) VALUES
(20799, 'Delaware, port unspecified', 20000, 20700);

-- 20800 NEW JERSEY 
INSERT INTO places(id, label, broad_region_id, specific_region_id) VALUES
(20801, 'Delaware River', 20000, 20800),
(20802, 'Eastern New Jersey', 20000, 20800),
(20803, 'Milwell', 20000, 20800),
(20804, 'Perth Amboy', 20000, 20800),
(20805, 'Wharton', 20000, 20800),
(20899, 'New Jersey, port unspecified', 20000, 20800);

-- 20900 PENNSYLVANIA 
INSERT INTO places(id, label, broad_region_id, specific_region_id) VALUES
(20901, 'Marcus Hook', 20000, 20900),
(20902, 'Philadelphia', 20000, 20900),
(20999, 'Pennsylv ania, port unspecified', 20000, 20900);

-- 21000 MARYLAND 
INSERT INTO places(id, label, broad_region_id, specific_region_id) VALUES
(21001, 'Annapolis', 20000, 21000),
(21002, 'Baltimore', 20000, 21000),
(21003, 'North Potomac', 20000, 21000),
(21004, 'Oxford', 20000, 21000),
(21005, 'Pamunkey', 20000, 21000),
(21006, 'Patuxent', 20000, 21000),
(21007, 'Talbot County', 20000, 21000),
(21008, 'Wye River', 20000, 21000),
(21099, 'Maryland, port unspecified', 20000, 21000);

-- 21100 VIRGINIA 
INSERT INTO places(id, label, broad_region_id, specific_region_id) VALUES
(21101, 'Elizabeth River', 20000, 21100),
(21102, 'Hampton', 20000, 21100),
(21103, 'Lower James River', 20000, 21100),
(21104, 'Norfolk', 20000, 21100),
(21105, 'Northampton County', 20000, 21100),
(21106, 'Potomac river', 20000, 21100),
(21107, 'Rappahannock', 20000, 21100),
(21108, 'South Potomac', 20000, 21100),
(21109, 'Upper James River', 20000, 21100),
(21110, 'Williamsburg', 20000, 21100),
(21111, 'York River', 20000, 21100),
(21112, 'Vatt (location undetermined)', 20000, 21100),
(21199, 'Virginia, port unspecified', 20000, 21100);

-- 21200 NORTH CAROLINA 
INSERT INTO places(id, label, broad_region_id, specific_region_id) VALUES
(21201, 'Bertie County', 20000, 21200),
(21202, 'Chowan river', 20000, 21200),
(21204, 'Hyde County', 20000, 21200),
(21205, 'Roanoke', 20000, 21200),
(21299, 'North Carolina, port unspecified', 20000, 21200);

-- 21300 SOUTH CAROLINA 
INSERT INTO places(id, label, broad_region_id, specific_region_id) VALUES
(21301, 'Beaufort', 20000, 21300),
(21302, 'Charleston', 20000, 21300),
(21399, 'South Carolina, port unspecified', 20000, 21300);

-- 21400 GEORGIA 
INSERT INTO places(id, label, broad_region_id, specific_region_id) VALUES
(21401, 'Savannah', 20000, 21400),
(21402, 'Sunbury', 20000, 21400),
(21404, 'Cumberland Island, Georgia', 20000, 21400),
(21499, 'Georgia, port unspecified', 20000, 21400);

-- 21500 FLORIDA
INSERT INTO places(id, label, broad_region_id, specific_region_id) VALUES
(21501, 'St. Augustine', 20000, 21500),
(21502, 'Pensacola', 20000, 21500),
(21503, 'Amelia Island', 20000, 21500),
(21599, 'Florida, port unspecified', 20000, 21500);

-- 21600 GULF COAST 
INSERT INTO places(id, label, broad_region_id, specific_region_id) VALUES
(21601, 'New Orleans', 20000, 21600),
(21602, 'La Balise', 20000, 21600),
(21603, 'Louisiana', 20000, 21600),
(21604, 'Biloxi', 20000, 21600),
(21605, 'Mississippi', 20000, 21600),
(21606, 'Mobile', 20000, 21600);

-- 21700 CANADA 
INSERT INTO places(id, label, broad_region_id, specific_region_id) VALUES
(21701, 'Quebec', 20000, 21700),
(21702, 'New Brunswick', 20000, 21700),
(21703, 'St. John', 20000, 21700),
(21704, 'Newfoundland', 20000, 21700),
(21705, 'Nova Scotia', 20000, 21700),
(21706, 'Halifax', 20000, 21700),
(21707, 'Mahone Bay', 20000, 21700);

-- 21900 OTHER NORTH AMERICA 
INSERT INTO places(id, label, broad_region_id, specific_region_id) VALUES
(21901, 'Newport and Boston', 20000, 21900),
(21902, 'Newport and Salem', 20000, 21900),
(21903, 'New England', 20000, 21900),
(21904, 'Carolinas', 20000, 21900),
(21999, 'USA, location unspecified', 20000, 21900);


-- Broad Region: 30000 CARIBBEAN 
-- 31100 HISPANIOLA 
INSERT INTO places(id, label, broad_region_id, specific_region_id) VALUES
(31102, 'Isabela', 30000, 31100),
(31103, 'Monte Christi', 30000, 31100),
(31104, 'Samana', 30000, 31100),
(31106, 'Santo Domingo (port)', 30000, 31100),
(31107, 'Ocoa', 30000, 31100),
(31108, 'Nizao', 30000, 31100),
(31109, 'Puerto de Plata', 30000, 31100),
(31110, 'Isla Saona', 30000, 31100),
(31199, 'Hispaniola, unspecified ', 30000, 31100);

-- 31200 PUERTO RICO 
INSERT INTO places(id, label, broad_region_id, specific_region_id) VALUES
(31201, 'San Juan', 30000, 31200),
(31299, 'Puerto Rico, port unspecified ', 30000, 31200);

-- 31300 CUBA 
INSERT INTO places(id, label, broad_region_id, specific_region_id) VALUES
(31301, 'Bahia Honda', 30000, 31300),
(31302, 'Banes', 30000, 31300),
(31303, 'Cabanas', 30000, 31300),
(31304, 'Caibarien', 30000, 31300),
(31305, 'Canasí', 30000, 31300),
(31306, 'Cardenas', 30000, 31300),
(31307, 'Cienfuegos', 30000, 31300),
(31308, 'Cuba, south coast', 30000, 31300),
(31309, 'Cuba, west coast', 30000, 31300),
(31310, 'Estuary of River Guane', 30000, 31300),
(31311, 'Guanimar', 30000, 31300),
(31312, 'Havana', 30000, 31300),
(31313, 'Isla de Pinas', 30000, 31300),
(31314, 'Magari, Manzanillo', 30000, 31300),
(31315, 'Mariel', 30000, 31300),
(31316, 'Matanzas', 30000, 31300),
(31317, 'Matanzas province, north', 30000, 31300),
(31318, 'Matanzas province, south', 30000, 31300),
(31319, 'Nuevitas', 30000, 31300),
(31320, 'Puerto Padre', 30000, 31300),
(31321, 'Sagua', 30000, 31300),
(31322, 'San Juan de los Remedios', 30000, 31300),
(31323, 'Santiago de Cuba', 30000, 31300),
(31324, 'Trinidad de Cuba', 30000, 31300),
(31326, 'Batabanó', 30000, 31300),
(31327, 'Baracoa', 30000, 31300),
(31328, 'Punta Macurijes', 30000, 31300),
(31399, 'Cuba, port unspecified', 30000, 31300);

-- 31400 OTHER SPANISH CARIBBEAN
INSERT INTO places(id, label, broad_region_id, specific_region_id) VALUES
(31499, 'Spanish Caribbean, unspecified', 30000, 31400);

-- 32100 DUTCH CARIBBEAN 
INSERT INTO places(id, label, broad_region_id, specific_region_id) VALUES
(32110, 'Curaçao', 30000, 32100),
(32120, 'Aruba', 30000, 32100),
(32130, 'Bonaire', 30000, 32100),
(32140, 'St. Maarten', 30000, 32100),
(32141, 'Cul de Sac (St. Maarten)', 30000, 32100),
(32150, 'St. Eustatius ', 30000, 32100),
(32199, 'Dutch Caribbean, colony unspecified', 30000, 32100);

-- 32200 DUTCH GUIANAS 
INSERT INTO places(id, label, broad_region_id, specific_region_id) VALUES
(32201, 'Guiana', 30000, 32200),
(32202, 'Nova Zeelandia(Wild Coast)', 30000, 32200),
(32230, 'Essequibo', 30000, 32200),
(32240, 'Suriname', 30000, 32200),
(32250, 'Berbice', 30000, 32200),
(32241, 'Paramaribo', 30000, 32200),
(32299, 'Dutch Guianas, colony unspecified', 30000, 32200);

-- 32300 OTHER DUTCH AMERICAS
INSERT INTO places(id, label, broad_region_id, specific_region_id) VALUES
(32399, 'Other Dutch Americas, colony unspecified', 30000, 32300);

-- 33200 TORTOLA 
INSERT INTO places(id, label, broad_region_id, specific_region_id) VALUES
(33299, 'Tortola, port unspecified', 30000, 33200);

-- 33300 ANGUILLA 
INSERT INTO places(id, label, broad_region_id, specific_region_id) VALUES
(33399, 'Anguilla, port unspecified', 30000, 33300);

-- 33400 ANTIGUA 
INSERT INTO places(id, label, broad_region_id, specific_region_id) VALUES
(33401, 'Saint John', 30000, 33400),
(33499, 'Antigua, port unspecified', 30000, 33400);

-- 33500 ST. KITTS 
INSERT INTO places(id, label, broad_region_id, specific_region_id) VALUES
(33599, 'St. Kitts, port unspecified', 30000, 33500);

-- 33600 NEVIS 
INSERT INTO places(id, label, broad_region_id, specific_region_id) VALUES
(33601, 'Newcastle', 30000, 33600),
(33699, 'Nevis, port unspecified', 30000, 33600);

-- 33700 MONTSERRAT 
INSERT INTO places(id, label, broad_region_id, specific_region_id) VALUES
(33799, 'Montserrat, port unspecified', 30000, 33700);

-- 33800 DOMINICA 
INSERT INTO places(id, label, broad_region_id, specific_region_id) VALUES
(33899, 'Dominica, port unspecified', 30000, 33800);

-- 34100 ST. LUCIA 
INSERT INTO places(id, label, broad_region_id, specific_region_id) VALUES
(34199, 'St. Lucia, port unspecified', 30000, 34100);

-- 34200 BARBADOS
INSERT INTO places(id, label, broad_region_id, specific_region_id) VALUES 
(34201, 'Kings Harbour', 30000, 34200),
(34299, 'Barbados, port unspecified', 30000, 34200);

-- 34300 ST. VINCENT
INSERT INTO places(id, label, broad_region_id, specific_region_id) VALUES
(34399, 'St. Vincent, port unspecified', 30000, 34300);

-- 34400 GRENADA 
INSERT INTO places(id, label, broad_region_id, specific_region_id) VALUES
(34499, 'Grenada, port unspecified', 30000, 34400);

-- 34500 TRINIDAD 
INSERT INTO places(id, label, broad_region_id, specific_region_id) VALUES
(34599, 'Trinidad, port unspecified', 30000, 34500);

-- 34600 TOBAGO 
INSERT INTO places(id, label, broad_region_id, specific_region_id) VALUES
(34601, 'Zion Hill', 30000, 34600),
(34699, 'Tobago, port unspecified', 30000, 34600);

-- 35100 JAMAICA 
INSERT INTO places(id, label, broad_region_id, specific_region_id) VALUES
(35101, 'Annotta Bay', 30000, 35100),
(35102, 'Antonia', 30000, 35100),
(35103, 'Black River', 30000, 35100),
(35104, 'Falmouth (Jam.)', 30000, 35100),
(35105, 'Lucea', 30000, 35100),
(35106, 'Martha Brae', 30000, 35100),
(35107, 'Montego Bay', 30000, 35100),
(35108, 'Morant Bay', 30000, 35100),
(35109, 'Port Maria', 30000, 35100),
(35110, 'Port Royal', 30000, 35100),
(35111, 'Saint Ann apostrofo s Bay', 30000, 35100),
(35112, 'Savanna la Mar', 30000, 35100),
(35113, 'Spanish Town', 30000, 35100),
(35114, 'Kingston', 30000, 35100),
(35199, 'Jamaica, port unspecified', 30000, 35100);

-- 35200 BAHAMAS 
INSERT INTO places(id, label, broad_region_id, specific_region_id) VALUES
(35201, 'New Providence', 30000, 35200),
(35202, 'Turk apostrofo s Island', 30000, 35200),
(35203, 'Nassau', 30000, 35200),
(35299, 'Bahamas, port unspecified ', 30000, 35200);

-- 35300 BRITISH GUIANA
INSERT INTO places(id, label, broad_region_id, specific_region_id) VALUES
(35301, 'Cumingsberg', 30000, 35300),
(35302, 'Stabroek', 30000, 35300),
(35304, 'Demerara', 30000, 35300),
(35305, 'Kingston (Demerera)', 30000, 35300);

-- 35400 HONDURAS 
INSERT INTO places(id, label, broad_region_id, specific_region_id) VALUES
(35401, 'Mosquito Shore', 30000, 35400),
(35402, 'Trujillo', 30000, 35400),
(35499, 'Honduras, port unspecified', 30000, 35400);

-- 35500 OTHER BRITISH CARIBBEAN
INSERT INTO places(id, label, broad_region_id, specific_region_id) VALUES
(35502, 'Antigua or Dominica', 30000, 35500),
(35503, 'Barbados and Jamaica', 30000, 35500),
(35504, 'Dominica or Jamaica', 30000, 35500),
(35505, 'Jamaica or St. Kitts ', 30000, 35500),
(35507, 'British Leewards', 30000, 35500),
(35508, 'Bermuda', 30000, 35500),
(35509, 'Hamilton', 30000, 35500),
(35599, 'British Caribbean, colony unspecified ', 30000, 35500);

-- 36100 MARTINIQUE
INSERT INTO places(id, label, broad_region_id, specific_region_id) VALUES
(36101, 'Fort-Royale', 30000, 36100),
(36102, 'Saint-Pierre', 30000, 36100),
(36199, 'Martinique, port unspecified', 30000, 36100);

-- 36200 GUADALOUPE 
INSERT INTO places(id, label, broad_region_id, specific_region_id) VALUES
(36201, 'Basse-Terre', 30000, 36200),
(36202, 'Pointe-à-Pitre', 30000, 36200),
(36203, 'Marie-Galante', 30000, 36200),
(36299, 'Guadaloupe, port unspecified', 30000, 36200);

-- 36300 FRENCH GUIANA 
INSERT INTO places(id, label, broad_region_id, specific_region_id) VALUES
(36301, 'Cayenne', 30000, 36300),
(36302, 'Oyapock', 30000, 36300);

-- 36400 SAINT-DOMINGUE
INSERT INTO places(id, label, broad_region_id, specific_region_id) VALUES
(36401, 'Tortuga', 30000, 36400),
(36402, 'Arcahaie', 30000, 36400),
(36403, 'Cap Français', 30000, 36400),
(36404, 'Cayes (Les)', 30000, 36400),
(36405, 'Cul-de-Sac', 30000, 36400),
(36406, 'Fort Dauphin', 30000, 36400),
(36407, 'Jacmel', 30000, 36400),
(36408, 'Jérémie', 30000, 36400),
(36409, 'Léogane', 30000, 36400),
(36410, 'Môle Saint Nicolas', 30000, 36400),
(36411, 'Petit-Goâve', 30000, 36400),
(36412, 'Port-au-Prince', 30000, 36400),
(36413, 'Port-de-Paix', 30000, 36400),
(36414, 'Saint-Marc', 30000, 36400),
(36415, 'Île à Vache ', 30000, 36400),
(36499, 'Saint-Domingue, port unspecified', 30000, 36400);

-- 36500 OTHER FRENCH CARIBBEAN
INSERT INTO places(id, label, broad_region_id, specific_region_id) VALUES
(36599, 'French Caribbean, colony unspecified', 30000, 36500);

-- 37000 DANISH WEST INDIES 
INSERT INTO places(id, label, broad_region_id, specific_region_id) VALUES
(37010, 'St. Croix', 30000, 37000),
(37020, 'St. Thomas', 30000, 37000),
(37099, 'Danish West Indies, colony unspecified', 30000, 37000);

-- 38100 ST. BART HÉLEMY (SWEDEN)
INSERT INTO places(id, label, broad_region_id, specific_region_id) VALUES 
(38101, 'Gustavia', 30000, 38100),
(38199, 'St. Barthélemy, port unspecified', 30000, 38100);

-- 39000 OTHER CARIBBEAN 
INSERT INTO places(id, label, broad_region_id, specific_region_id) VALUES
(39001, 'Caribbean (colony unspecified)', 30000, 39000),
(39002, 'West Indies (colony unspecified)', 30000, 39000);


-- Broad Region: 40000 SPANISH MAINLAND AMERICA
-- 41200 SPANISH CIRCUM-CARIBBEAN
INSERT INTO places(id, label, broad_region_id, specific_region_id) VALUES
(41201, 'New Spain', 40000, 41200),
(41202, 'Campeche', 40000, 41200),
(41203, 'Veracruz', 40000, 41200),
(41204, 'Guatemala', 40000, 41200),
(41205, 'Santo Tomas', 40000, 41200),
(41206, 'Portobelo', 40000, 41200),
(41207, 'Cartagena', 40000, 41200),
(41208, 'Santa Marta', 40000, 41200),
(41210, 'Venezuela', 40000, 41200),
(41211, 'Borburata', 40000, 41200),
(41212, 'Caracas', 40000, 41200),
(41213, 'Cumana', 40000, 41200),
(41214, 'La Guaira', 40000, 41200),
(41215, 'Margarita', 40000, 41200),
(41216, 'Orinoko', 40000, 41200),
(41217, 'Rio de la Hacha', 40000, 41200),
(41299, 'Spanish Circum-Caribbean, port unspecified', 40000, 41200);

-- 42000 RIO DE LA PLATA
INSERT INTO places(id, label, broad_region_id, specific_region_id) VALUES
(42001, 'Buenos Aires', 40000, 42000),
(42002, 'Montevideo', 40000, 42000),
(42003, 'Colonia de Sacramento', 40000, 42000),
(42004, 'Maldonado', 40000, 42000),
(42099, 'Rio de la Plata, port unspecified', 40000, 42000);

-- 43000 PERU 
INSERT INTO places(id, label, broad_region_id, specific_region_id) VALUES
(43001, 'Lima', 40000, 43000);

-- Broad Region: 50000 BRAZIL 
-- 50100 AMAZONIA
INSERT INTO places(id, label, broad_region_id, specific_region_id) VALUES
(50102, 'Maranhão', 50000, 50100),
(50103, 'Pará', 50000, 50100),
(50104, 'Guajano', 50000, 50100),
(50105, 'Rio Amazona', 50000, 50100);

-- 50200 BAHIA 
INSERT INTO places(id, label, broad_region_id, specific_region_id) VALUES
(50201, 'Pôrto Seguro', 50000, 50200),
(50202, 'Rio Real', 50000, 50200),
(50203, 'Rio São Francisco', 50000, 50200),
(50204, 'Taipu', 50000, 50200),
(50299, 'Bahia, port unspecified', 50000, 50200);

-- 50300 PERNAMBUCO 
INSERT INTO places(id, label, broad_region_id, specific_region_id) VALUES
(50301, 'Alagoas province', 50000, 50300),
(50302, 'Ilha de Itamaric', 50000, 50300),
(50303, 'Maceió', 50000, 50300),
(50304, 'Catuamo and Maria Farinha', 50000, 50300),
(50305, 'Porto de Galinhas', 50000, 50300),
(50306, 'Paraíba', 50000, 50300),
(50307, 'Rio Grande do Norte', 50000, 50300),
(50309, 'Fernando de Noronha', 50000, 50300),
(50399, 'Pernambuco, port unspecified', 50000, 50300);

-- 50400 SOUTHEAST BRAZIL 
INSERT INTO places(id, label, broad_region_id, specific_region_id) VALUES
(50402, 'Baía de Botafogo', 50000, 50400),
(50403, 'Baía de Sepetiba', 50000, 50400),
(50404, 'Cabo de Búzios', 50000, 50400),
(50405, 'Cabo Frio', 50000, 50400),
(50406, 'Campos', 50000, 50400),
(50407, 'Cananéia', 50000, 50400),
(50408, 'Copacabana', 50000, 50400),
(50409, 'Dois Rios', 50000, 50400),
(50410, 'Ilha de Paquetá', 50000, 50400),
(50411, 'Ilha das Palmas', 50000, 50400),
(50412, 'Ilha Grande', 50000, 50400),
(50413, 'Ilha de Lobes', 50000, 50400),
(50414, 'Ilha de Marambaia', 50000, 50400),
(50416, 'Macaé', 50000, 50400),
(50417, 'Mangaratiba', 50000, 50400),
(50418, 'Maricá', 50000, 50400),
(50419, 'Paranaguá', 50000, 50400),
(50420, 'Parati', 50000, 50400),
(50421, 'Ponta Negro', 50000, 50400),
(50422, 'Rio de Janeiro', 50000, 50400),
(50423, 'Rio de Janeiro province', 50000, 50400),
(50424, 'Rio de Janeiro, Sao Paulo, Santa Catarina', 50000, 50400),
(50426, 'Rio Grande do Sul Province', 50000, 50400),
(50427, 'Rio São Jeso', 50000, 50400),
(50428, 'Santos', 50000, 50400),
(50430, 'São Sebastião', 50000, 50400),
(50431, 'Santa Catarina', 50000, 50400),
(50433, 'Ubatuba', 50000, 50400),
(50434, 'Vitória', 50000, 50400),
(50499, 'Southeast Brazil, port unspecified', 50000, 50400);

-- 50500 OTHER BRAZIL 
INSERT INTO places(id, label, broad_region_id, specific_region_id) VALUES
(50599, 'Brazil, region unspecified', 50000, 50500);



-- Broad Region: 60000 AFRICA 
-- 60100 SENEGAMBIA AND OFFSHORE ATLANTIC
INSERT INTO places(id, label, broad_region_id, specific_region_id) VALUES
(60101, 'Albreda', 60000, 60100),
(60102, 'Arguim', 60000, 60100),
(60103, 'Bissagos', 60000, 60100),
(60104, 'Bissau', 60000, 60100),
(60105, 'Cacheu', 60000, 60100),
(60106, 'Casamance', 60000, 60100),
(60107, 'Galam', 60000, 60100),
(60108, 'Gambia', 60000, 60100),
(60109, 'Gorée', 60000, 60100),
(60110, 'James Fort', 60000, 60100),
(60111, 'Joal, or Saloum River', 60000, 60100),
(60112, 'Oibo', 60000, 60100),
(60113, 'Portudal', 60000, 60100),
(60114, 'Portuguese Guinea', 60000, 60100),
(60115, 'Rio Bolola', 60000, 60100),
(60116, 'Rio Bramiah', 60000, 60100),
(60117, 'Rio Grande', 60000, 60100),
(60118, 'Saint-Louis', 60000, 60100),
(60119, 'French Africa (Goree or Senegal)', 60000, 60100),
(60126, 'Cape Verde Islands', 60000, 60100),
(60127, 'Santa Catarina do Fogo', 60000, 60100),
(60128, 'Bermuda', 60000, 60100),
(60129, 'Azores', 60000, 60100),
(60199, 'Senegambia and off shore Atlantic, port unspecified', 60000, 60100);

-- 60200 SIERRA LEONE 
INSERT INTO places(id, label, broad_region_id, specific_region_id) VALUES
(60201, 'Banana Islands', 60000, 60200),
(60202, 'Bance Island (Ben apostrofo s island)', 60000, 60200),
(60204, 'Cacandia', 60000, 60200),
(60205, 'Côte de Malaguette (runs through to Cape Palmas on Windward Coast)', 60000, 60200),
(60206, 'Delagoa', 60000, 60200),
(60207, 'Freetown', 60000, 60200),
(60208, 'Gallinhas', 60000, 60200),
(60210, 'Iles de Los', 60000, 60200),
(60211, 'Iles Plantain', 60000, 60200),
(60212, 'Rio Nunez', 60000, 60200),
(60213, 'Rio Pongo', 60000, 60200),
(60214, 'Scarcies', 60000, 60200),
(60217, 'Sherbro', 60000, 60200),
(60218, 'Siraboom', 60000, 60200),
(60219, 'Sugary (Siekere)', 60000, 60200),
(60220, 'Sierra Leone estuary', 60000, 60200),
(60299, 'Sierra Leone, port unspecified', 60000, 60200),
(60241, 'Mano', 60000, 60200),
(60242, 'River Kissey', 60000, 60200);

--60300 WINDWARD COAST 
INSERT INTO places(id, label, broad_region_id, specific_region_id) VALUES
(60301, 'Barason', 60000, 60300),
(60302, 'Bassa', 60000, 60300),
(60303, 'Batoa', 60000, 60300),
(60305, 'Cap des Palmes', 60000, 60300),
(60306, 'Cape Mount (Cape Grand Mount)', 60000, 60300),
(60307, 'Cape Petit Mount', 60000, 60300),
(60308, 'Cape Grand Mount', 60000, 60300),
(60309, 'Cape Lahou', 60000, 60300),
(60310, 'Cess', 60000, 60300),
(60311, 'Grand Cess', 60000, 60300),
(60312, 'Petit Cess', 60000, 60300),
(60313, 'Dembia', 60000, 60300),
(60314, 'Drouin ', 60000, 60300),
(60315, 'Grand Bassa', 60000, 60300),
(60316, 'Little Bassa', 60000, 60300),
(60317, 'Grand Bassam', 60000, 60300),
(60318, 'Grand Junk', 60000, 60300),
(60319, 'Little Junk', 60000, 60300),
(60321, 'Grand Mesurado', 60000, 60300),
(60322, 'Petit Mesurado', 60000, 60300),
(60324, 'Rio Assini', 60000, 60300),
(60325, 'Rio Cavalie', 60000, 60300),
(60326, 'Rio Sinou', 60000, 60300),
(60328, 'Sassandra', 60000, 60300),
(60329, 'Grand Sestos', 60000, 60300),
(60330, 'Rock Sestos', 60000, 60300),
(60331, 'St. Paul', 60000, 60300),
(60332, 'Tabou', 60000, 60300),
(60333, 'Trade Town', 60000, 60300),
(60334, 'Liberia', 60000, 60300),
(60335, 'Ivory Coast', 60000, 60300),
(60336, 'Young Sestos', 60000, 60300),
(60337, 'Little Sestos', 60000, 60300),
(60338, 'Kru Settra', 60000, 60300),
(60339, 'Cape Palmas', 60000, 60300),
(60340, 'Settra Kru', 60000, 60300),
(60341, 'Garroway Roads', 60000, 60300),
(60399, 'Windward Coast, port unspecified', 60000, 60300);

-- 60400 GOLD COAST 
INSERT INTO places(id, label, broad_region_id, specific_region_id) VALUES
(60402, 'Danish Gold Coast', 60000, 60400),
(60403, 'Acoda (Akka or Acquida)', 60000, 60400),
(60404, 'Accra', 60000, 60400),
(60405, 'Alampo', 60000, 60400),
(60407, 'Anomabu and Apam', 60000, 60400),
(60408, 'Anomabu', 60000, 60400),
(60409, 'Apammin', 60000, 60400),
(60410, 'Apollonia', 60000, 60400),
(60411, 'Axim', 60000, 60400),
(60412, 'Cape Coast Castle', 60000, 60400),
(60413, 'Chama', 60000, 60400),
(60414, 'Christiansborg', 60000, 60400),
(60415, 'Elmina', 60000, 60400),
(60416, 'Eva', 60000, 60400),
(60417, 'Kormantine', 60000, 60400),
(60418, 'Lagoo', 60000, 60400),
(60419, 'Mouree', 60000, 60400),
(60420, 'Ningo', 60000, 60400),
(60421, 'Rio Volta', 60000, 60400),
(60422, 'Sekondi', 60000, 60400),
(60424, 'Tantumquerry', 60000, 60400),
(60425, 'Wiamba', 60000, 60400),
(60426, 'Gold Coast from Kormatine to Accra', 60000, 60400),
(60427, 'Gold Coast east of Kormantine', 60000, 60400),
(60428, 'Pokesoe (formerly Gross Friedrichsburg)', 60000, 60400),
(60429, 'Boutry', 60000, 60400),
(60430, 'Bercou', 60000, 60400),
(60499, 'Gold Coast, port unspecified', 60000, 60400);


-- 60500 BIGHT OF BENIN
INSERT INTO places(id, label, broad_region_id, specific_region_id) VALUES
(60501, 'Benin', 60000, 60500),
(60502, 'Costa da Mina', 60000, 60500),
(60503, 'Aghway', 60000, 60500),
(60504, 'Agora', 60000, 60500),
(60505, 'Amokou', 60000, 60500),
(60506, 'Ardra', 60000, 60500),
(60507, 'Badagry', 60000, 60500),
(60508, 'Dixcove', 60000, 60500),
(60509, 'Epe', 60000, 60500),
(60510, 'Popo', 60000, 60500),
(60511, 'Little Popo', 60000, 60500),
(60512, 'Grand Popo', 60000, 60500),
(60513, 'Ife', 60000, 60500),
(60514, 'Jacquin', 60000, 60500),
(60515, 'Whydah', 60000, 60500),
(60516, 'Keta', 60000, 60500),
(60517, 'Lagos, Onim', 60000, 60500),
(60518, 'Lamo River', 60000, 60500),
(60519, 'Lay', 60000, 60500),
(60520, 'Legas', 60000, 60500),
(60521, 'Oerê', 60000, 60500),
(60522, 'Pataquery', 60000, 60500),
(60523, 'Porto Novo', 60000, 60500),
(60524, 'Rio Forcados', 60000, 60500),
(60526, 'Rio Nun', 60000, 60500),
(60599, 'Bight of Benin, port unspecified', 60000, 60500);

-- 60600 BIGHT OF BIAFRA AND GULF OF GUINEA ISLANDS
INSERT INTO places(id, label, broad_region_id, specific_region_id) VALUES
(60601, 'Andony', 60000, 60600),
(60602, 'Barabalemo', 60000, 60600),
(60603, 'Bilbay', 60000, 60600),
(60604, 'Bimbia', 60000, 60600),
(60605, 'Bonny', 60000, 60600),
(60607, 'Bundy', 60000, 60600),
(60608, 'Calabar', 60000, 60600),
(60609, 'Cameroons', 60000, 60600),
(60610, 'Cameroons River', 60000, 60600),
(60612, 'Cape Lopez', 60000, 60600),
(60613, 'Cape Lopez and Cabo Santa Catarina', 60000, 60600),
(60614, 'Cape Lopez and Annobon', 60000, 60600),
(60615, 'Corisco', 60000, 60600),
(60616, 'Corisco and Princes Island', 60000, 60600),
(60617, 'Fockey', 60000, 60600),
(60618, 'Forke', 60000, 60600),
(60619, 'Formosa', 60000, 60600),
(60620, 'Gabon', 60000, 60600),
(60621, 'Liverpool River', 60000, 60600),
(60622, 'New Calabar', 60000, 60600),
(60623, 'Quaqua', 60000, 60600),
(60624, 'River Brass', 60000, 60600),
(60625, 'River del Rey', 60000, 60600),
(60626, 'Timbeys', 60000, 60600),
(60627, 'Rio Nazareth', 60000, 60600),
(60660, 'Gulf of Guineaislands', 60000, 60600),
(60661, 'Annobon', 60000, 60600),
(60662, 'Epee and Princes Islands', 60000, 60600),
(60663, 'Fernando Po', 60000, 60600),
(60664, 'Fernando Po and Cameroons', 60000, 60600),
(60665, 'Fernando Po and Princes Islands', 60000, 60600),
(60666, 'Juda and Princes Islands', 60000, 60600),
(60667, 'Juda, Epee, Princes Island, and Annobon', 60000, 60600),
(60668, 'Princes Island', 60000, 60600),
(60669, 'Princes Island and Annobon', 60000, 60600),
(60670, 'Princes Island and Cape Lopez', 60000, 60600),
(60671, 'Princes Island and São Tomé', 60000, 60600),
(60672, 'Principe, Cape Lopez, Annobon', 60000, 60600),
(60673, 'São Tomé', 60000, 60600),
(60674, 'São Tomé and Annobon', 60000, 60600),
(60675, 'São Tomé and Cape Lopez', 60000, 60600),
(60676, 'São Tomé or Princes Island', 60000, 60600),
(60677, 'Costa de Africa (mainland coast around S. Tome/Principe)', 60000, 60600),
(60699, 'Bight of Biafra and Gulf of Guinea Islands, port unspecified', 60000, 60600);





-- 60700 WEST CENTRAL AFRICA AND ST. HELENA
INSERT INTO places(id, label, broad_region_id, specific_region_id) VALUES
(60701, 'Alecuba', 60000, 60700),
(60702, 'Ambona', 60000, 60700),
(60703, 'Ambriz', 60000, 60700),
(60704, 'Ambrizete', 60000, 60700),
(60705, 'Barra de Cariba, Luanda', 60000, 60700),
(60706, 'Bengo', 60000, 60700),
(60707, 'Benguela', 60000, 60700),
(60708, 'Benguela Velho', 60000, 60700),
(60709, 'Boary', 60000, 60700),
(60710, 'Bomara', 60000, 60700),
(60711, 'Cabinda', 60000, 60700),
(60712, 'Cabo Lopo Gonçalves', 60000, 60700),
(60713, 'Cape Mole', 60000, 60700),
(60714, 'Cape Padroon', 60000, 60700),
(60715, 'Coanza River', 60000, 60700),
(60716, 'Congo North', 60000, 60700),
(60717, 'Congo River', 60000, 60700),
(60718, 'Rio Zaire', 60000, 60700),
(60719, 'Grenada Point', 60000, 60700),
(60720, 'Iron Point', 60000, 60700),
(60721, 'Kacongo', 60000, 60700),
(60722, 'Kilongo', 60000, 60700),
(60723, 'Liverpool River', 60000, 60700),
(60724, 'Loango', 60000, 60700),
(60725, 'Malembo', 60000, 60700),
(60726, 'Mayumba', 60000, 60700),
(60727, 'Metrueba', 60000, 60700),
(60728, 'Mossulo, Luanda', 60000, 60700),
(60729, 'Mpinda', 60000, 60700),
(60730, 'Nova Redonda', 60000, 60700),
(60731, 'Penido', 60000, 60700),
(60732, 'Quicombo', 60000, 60700),
(60733, 'Salinas', 60000, 60700),
(60734, 'Luanda', 60000, 60700),
(60735, 'Rio Dande (North of Luanda)', 60000, 60700),
(60740, 'St. Helena', 60000, 60700),
(60741, 'Soyo', 60000, 60700),
(60799, 'West Central Africa and St. Helena, port unspecified', 60000, 60700);

-- 60800 SOUTHEAST AFRICA AND INDIAN OCEAN ISLANDS
INSERT INTO places(id, label, broad_region_id, specific_region_id) VALUES
(60801, 'Anghoza River', 60000, 60800),
(60802, 'Cabo Delgado', 60000, 60800),
(60803, 'Cape of Good Hope', 60000, 60800),
(60805, 'Costa Leste Occidental', 60000, 60800),
(60806, 'Ibo', 60000, 60800),
(60807, 'Inhambane', 60000, 60800),
(60808, 'Quirimba', 60000, 60800),
(60809, 'Kilwa', 60000, 60800),
(60810, 'Lourenço Marques', 60000, 60800),
(60811, 'Madagascar', 60000, 60800),
(60812, 'Mauratan', 60000, 60800),
(60813, 'Morondova', 60000, 60800),
(60814, 'Port Dauphin', 60000, 60800),
(60815, 'St. Mary apostrofo s Island', 60000, 60800),
(60816, 'Tulia', 60000, 60800),
(60817, 'Mocambo', 60000, 60800),
(60819, 'Momboza or Zanzibar', 60000, 60800),
(60820, 'Mozambique', 60000, 60800),
(60821, 'Pomba, Monfia', 60000, 60800),
(60822, 'Quilimane', 60000, 60800),
(60823, 'Sofala', 60000, 60800),
(60824, 'St. Lawrence', 60000, 60800),
(60826, 'Zanzibar', 60000, 60800),
(60831, 'Mascarene Islands', 60000, 60800),
(60832, 'Bourbon', 60000, 60800),
(60833, 'Ile de France', 60000, 60800),
(60834, 'Port-Louis', 60000, 60800),
(60836, 'Johanna Island', 60000, 60800),
(60837, 'Mauritius (Ile de France)', 60000, 60800),
(60838, 'Ascension, Assomption, and Bourbon', 60000, 60800),
(60899, 'Southeast Africa and Indian Ocean islands, port unspecified', 60000, 60800);

-- 60900 OTHER AFRICA
INSERT INTO places(id, label, broad_region_id, specific_region_id) VALUES
(60901, 'Princes Island and Elmina', 60000, 60900),
(60902, 'Angola (possibly New Calabar)', 60000, 60900),
(60903, 'Senegambia or Sierra Leone', 60000, 60900),
(60908, 'West of Cape Apolonia', 60000, 60900),
(60909, 'Angola to Ardra', 60000, 60900),
(60912, 'Windward + Ivory + Gold + Benin', 60000, 60900),
(60913, 'C.C. Castle and Windward', 60000, 60900),
(60914, 'Gold Coast + Bight of Benin + Bight of Biafra', 60000, 60900),
(60915, 'Bights', 60000, 60900),
(60916, 'Windward Coast (Nunez - Assini)', 60000, 60900),
(60917, 'Gold Coast, Fr. definition', 60000, 60900),
(60981, 'Causacoo (location undetermined)', 60000, 60900),
(60982, 'Cape St Martha (location undetermined)', 60000, 60900),
(60983, 'Casnasonis (location undetermined)', 60000, 60900),
(60984, 'Massa (location undetermined)', 60000, 60900),
(60985, 'Touau-Toro (location undetermined)', 60000, 60900),
(60986, 'Cape Logas (location undetermined)', 60000, 60900),
(60999, 'Africa, port unspecified', 60000, 60900);


-- Broad Region: 80000 OTHER 
-- 80100 EAST INDIES 
INSERT INTO places(id, label, broad_region_id, specific_region_id) VALUES
(80199, 'East Indies, port unspecified', 80000, 80100);

-- 80200 AMERICAS 
INSERT INTO places(id, label, broad_region_id, specific_region_id) VALUES
(80299, 'Americas, port unspecified', 80000, 80200);

-- 80300 ASIA E AFRICA
INSERT INTO places(id, label, broad_region_id, specific_region_id) VALUES
(80399, 'Asia e Africa, port unspecified', 80000, 80300);

-- 80400 SPANISH AMERICAS 
INSERT INTO places(id, label, broad_region_id, specific_region_id) VALUES
(80499, 'Spanish Americas, port unspecified', 80000, 80400);

-- 80500 BRITISH AMERICAS 
INSERT INTO places(id, label, broad_region_id, specific_region_id) VALUES
(80501, 'Kingston, Savannah, Maryland', 80000, 80500),
(80599, 'British Americas, port unspecified', 80000, 80500);

-- 80600 INDIA 
INSERT INTO places(id, label, broad_region_id, specific_region_id) VALUES
(80601, 'Bengal', 80000, 80600),
(80602, 'Goa', 80000, 80600),
(80603, 'Calcutta', 80000, 80600),
(80604, 'Basse Indres', 80000, 80600);

-- 80700 NON-GEOGRAPHICAL
INSERT INTO places(id, label, broad_region_id, specific_region_id) VALUES
(80703, 'British plantations', 80000, 80700),
(80704, 'Non-British', 80000, 80700),
(80705, 'Captured by WIC', 80000, 80700),
(80706, 'Captured interloper', 80000, 80700),
(80707, 'Prize (unknown place)', 80000, 80700),
(80708, 'Prize (taken from Dutch)', 80000, 80700),
(80709, 'Prize (taken from French)', 80000, 80700),
(80710, 'Prize (taken from Spanish)', 80000, 80700),
(80711, 'Sold at sea to anothervessel', 80000, 80700),
(80712, 'Wreck', 80000, 80700);


-- Unknown Values
-- This data is not present in the Code Book
-- but it is present in the SPSS file of 2010
-- Code Book link: https://www.slavevoyages.org/documents/download/Codebook2013_5-3_final.pdf
-- SPSS File link: https://www.slavevoyages.org/documents/download/tastdb-exp-2010.sav
INSERT INTO places(id, label, broad_region_id, specific_region_id) VALUES
(99810, 'Unknown', 90000, 90100),
(99812, 'Unknown', 90000, 90100),
(99804, 'Unknown', 90000, 90100),
(99803, 'Unknown', 90000, 90100),
(99806, 'Unknown', 90000, 90100),
(99816, 'Unknown', 90000, 90100),
(99817, 'Unknown', 90000, 90100),
(99807, 'Unknown', 90000, 90100),
(99808, 'Unknown', 90000, 90100),
(99818, 'Unknown', 90000, 90100),
(99819, 'Unknown', 90000, 90100),
(99820, 'Unknown', 90000, 90100),
(99821, 'Unknown', 90000, 90100),
(99824, 'Unknown', 90000, 90100),
(99826, 'Unknown', 90000, 90100),
(99830, 'Unknown', 90000, 90100),
(60203, 'Unknown', 60000, 60200),
(60209, 'Unknown', 60000, 60200),
(60216, 'Unknown', 60000, 60200),
(60304, 'Unknown', 60000, 60300),
(60320, 'Unknown', 60000, 60300),
(60423, 'Unknown', 60000, 60400),
(60525, 'Unknown', 60000, 60500),
(60611, 'Unknown', 60000, 60600),
(31105, 'Unknown', 30000, 31100);

INSERT INTO rig_vessel_rig(rig, label) VALUES
(72, 'Unknown');

COMMIT;